{
  "dataset": "cifar10",
  "optimizador": "adam",
  "learning_rate_inicial": 0.001,
  "l2_lambda": 0.0001,
  "dropout_rate": 0.3,
  "batch": 128,
  "epocas_max": 30,
  "val_split": 0.1,
  "duracion_s": 417.22,
  "test_accuracy": 0.807699978351593,
  "test_loss": 0.5963928699493408,
  "learning_rates": [
    0.0010000000474974513,
    0.0010000000474974513,
    0.0010000000474974513,
    0.0010000000474974513,
    0.0010000000474974513,
    0.0010000000474974513,
    0.0010000000474974513,
    0.0005000000237487257,
    0.0005000000237487257,
    0.0005000000237487257,
    0.0005000000237487257,
    0.0002500000118743628,
    0.0002500000118743628,
    0.0002500000118743628,
    0.0002500000118743628,
    0.0002500000118743628,
    0.0001250000059371814,
    0.0001250000059371814,
    0.0001250000059371814,
    0.0001250000059371814,
    0.0001250000059371814,
    0.0001250000059371814,
    0.0001250000059371814,
    6.25000029685907e-05,
    6.25000029685907e-05,
    6.25000029685907e-05,
    3.125000148429535e-05,
    3.125000148429535e-05,
    3.125000148429535e-05,
    1.5625000742147677e-05
  ]
}