{
  "modelo": "rf",
  "accuracy": 0.9043478260869565,
  "precision": 0.8947368421052632,
  "recall": 0.937007874015748,
  "f1": 0.9153846153846154,
  "auc": 0.9438880819509211
}