modelo,accuracy,precision,recall,f1,auc
rf,0.9043478260869565,0.8947368421052632,0.937007874015748,0.9153846153846154,0.9438880819509211
