grupo,n,accuracy,precision,recall,f1
age_group:40-54,111,0.8918918918918919,0.8490566037735849,0.9183673469387755,0.8823529411764706
age_group:55+,98,0.8979591836734694,0.922077922077922,0.9466666666666667,0.9342105263157895
age_group:<=39,21,1.0,1.0,1.0,1.0
sex:F,47,0.9787234042553191,1.0,0.875,0.9333333333333333
sex:M,183,0.8852459016393442,0.8888888888888888,0.9411764705882353,0.9142857142857143
