{
  "accuracy": [
    0.5435267686843872,
    0.6919642686843872,
    0.7154017686843872,
    0.7522321343421936,
    0.7589285969734192,
    0.7879464030265808,
    0.7801339030265808,
    0.7991071343421936,
    0.7901785969734192,
    0.7957589030265808,
    0.8147321343421936,
    0.8046875,
    0.8415178656578064,
    0.8348214030265808,
    0.8482142686843872,
    0.8493303656578064,
    0.8504464030265808,
    0.8504464030265808,
    0.8560267686843872,
    0.8772321343421936,
    0.8738839030265808,
    0.8861607313156128,
    0.8805803656578064,
    0.8883928656578064,
    0.8861607313156128,
    0.9040178656578064,
    0.8928571343421936,
    0.9308035969734192,
    0.9207589030265808,
    0.9073660969734192,
    0.9196428656578064,
    0.9464285969734192,
    0.9397321343421936,
    0.9341517686843872,
    0.9341517686843872,
    0.9464285969734192,
    0.9263392686843872,
    0.9497767686843872,
    0.9352678656578064,
    0.9453125,
    0.9508928656578064,
    0.9408482313156128
  ],
  "loss": [
    0.8175893425941467,
    0.6561629176139832,
    0.6250340342521667,
    0.5801441073417664,
    0.5823398232460022,
    0.5511242151260376,
    0.5360240936279297,
    0.5168995261192322,
    0.49064701795578003,
    0.4792706072330475,
    0.461704283952713,
    0.4740816652774811,
    0.4338415265083313,
    0.43006211519241333,
    0.41858670115470886,
    0.40717843174934387,
    0.3900887668132782,
    0.3951600193977356,
    0.37497997283935547,
    0.334911584854126,
    0.36610859632492065,
    0.32532140612602234,
    0.322689950466156,
    0.2909776568412781,
    0.3161177933216095,
    0.2962304949760437,
    0.30280986428260803,
    0.26621386408805847,
    0.28231585025787354,
    0.26261988282203674,
    0.25107768177986145,
    0.2319813072681427,
    0.22854138910770416,
    0.23359040915966034,
    0.2220001518726349,
    0.20871491730213165,
    0.2209092080593109,
    0.20940420031547546,
    0.21491728723049164,
    0.206864133477211,
    0.1971733272075653,
    0.20760157704353333
  ],
  "val_accuracy": [
    0.9464285969734192,
    0.9642857313156128,
    0.9553571343421936,
    0.9598214030265808,
    0.9642857313156128,
    0.9598214030265808,
    0.9598214030265808,
    0.9553571343421936,
    0.9642857313156128,
    0.9598214030265808,
    0.9642857313156128,
    0.9776785969734192,
    0.9776785969734192,
    0.9821428656578064,
    0.9821428656578064,
    0.9821428656578064,
    0.9866071343421936,
    0.9955357313156128,
    0.9955357313156128,
    0.9955357313156128,
    0.9955357313156128,
    0.9955357313156128,
    0.9955357313156128,
    0.9910714030265808,
    0.9955357313156128,
    0.9955357313156128,
    0.9955357313156128,
    1.0,
    1.0,
    0.9866071343421936,
    0.9955357313156128,
    0.9955357313156128,
    0.9955357313156128,
    1.0,
    0.9955357313156128,
    0.9955357313156128,
    0.9955357313156128,
    0.9955357313156128,
    0.9955357313156128,
    0.9955357313156128,
    0.9955357313156128,
    0.9955357313156128
  ],
  "val_loss": [
    0.42876148223876953,
    0.3242305815219879,
    0.32610127329826355,
    0.2614196240901947,
    0.26905807852745056,
    0.27521446347236633,
    0.2915355861186981,
    0.27109819650650024,
    0.23916800320148468,
    0.24864016473293304,
    0.24592983722686768,
    0.23265157639980316,
    0.22034648060798645,
    0.20506271719932556,
    0.2015008181333542,
    0.2207729071378708,
    0.17225341498851776,
    0.15334080159664154,
    0.15258467197418213,
    0.14129801094532013,
    0.13145038485527039,
    0.1372257024049759,
    0.1334993988275528,
    0.14939448237419128,
    0.11475645750761032,
    0.11619732528924942,
    0.0967741385102272,
    0.10372724384069443,
    0.10213298350572586,
    0.13190335035324097,
    0.12480781227350235,
    0.10461370646953583,
    0.10900723934173584,
    0.0896906703710556,
    0.11484178155660629,
    0.09875930845737457,
    0.10296189785003662,
    0.0904000848531723,
    0.0941845178604126,
    0.09265623986721039,
    0.09766346961259842,
    0.09999220818281174
  ],
  "learning_rate": [
    0.0010000000474974513,
    0.0010000000474974513,
    0.0010000000474974513,
    0.0010000000474974513,
    0.0010000000474974513,
    0.0010000000474974513,
    0.0010000000474974513,
    0.0010000000474974513,
    0.0005000000237487257,
    0.0005000000237487257,
    0.0005000000237487257,
    0.0005000000237487257,
    0.0005000000237487257,
    0.0005000000237487257,
    0.0005000000237487257,
    0.0005000000237487257,
    0.0005000000237487257,
    0.0005000000237487257,
    0.0005000000237487257,
    0.0005000000237487257,
    0.0005000000237487257,
    0.0005000000237487257,
    0.0005000000237487257,
    0.0005000000237487257,
    0.0005000000237487257,
    0.0005000000237487257,
    0.0005000000237487257,
    0.0005000000237487257,
    0.0005000000237487257,
    0.0005000000237487257,
    0.0005000000237487257,
    0.0002500000118743628,
    0.0002500000118743628,
    0.0002500000118743628,
    0.0002500000118743628,
    0.0002500000118743628,
    0.0002500000118743628,
    0.0002500000118743628,
    0.0001250000059371814,
    0.0001250000059371814,
    0.0001250000059371814,
    0.0001250000059371814
  ]
}