{
  "accuracy": [
    0.5267857313156128,
    0.6540178656578064,
    0.6741071343421936,
    0.6975446343421936,
    0.7109375,
    0.7154017686843872,
    0.7366071343421936,
    0.7243303656578064,
    0.7176339030265808,
    0.7366071343421936,
    0.7265625,
    0.7310267686843872,
    0.7578125,
    0.7544642686843872,
    0.75
  ],
  "loss": [
    0.7463884949684143,
    0.647940456867218,
    0.608890950679779,
    0.5821127891540527,
    0.5640329122543335,
    0.5658401250839233,
    0.548882007598877,
    0.541851818561554,
    0.5507392883300781,
    0.5483216643333435,
    0.5652401447296143,
    0.5365974307060242,
    0.5346510410308838,
    0.5384178161621094,
    0.5360936522483826
  ],
  "val_accuracy": [
    0.8794642686843872,
    0.9151785969734192,
    0.9285714030265808,
    0.9017857313156128,
    0.9151785969734192,
    0.9017857313156128,
    0.9241071343421936,
    0.9017857313156128,
    0.9107142686843872,
    0.9151785969734192,
    0.9241071343421936,
    0.9285714030265808,
    0.9241071343421936,
    0.9107142686843872,
    0.9196428656578064
  ],
  "val_loss": [
    0.4771663546562195,
    0.39378753304481506,
    0.34577903151512146,
    0.3519275486469269,
    0.3350105285644531,
    0.34152063727378845,
    0.3013478219509125,
    0.31410884857177734,
    0.302560955286026,
    0.30248576402664185,
    0.3070363402366638,
    0.30308884382247925,
    0.3016209900379181,
    0.31007882952690125,
    0.30541372299194336
  ],
  "learning_rate": [
    0.0010000000474974513,
    0.0010000000474974513,
    0.0010000000474974513,
    0.0010000000474974513,
    0.0010000000474974513,
    0.0010000000474974513,
    0.0010000000474974513,
    0.0010000000474974513,
    0.0010000000474974513,
    0.0010000000474974513,
    0.0010000000474974513,
    0.0005000000237487257,
    0.0005000000237487257,
    0.0005000000237487257,
    0.0005000000237487257
  ]
}