modelo,accuracy,precision,recall,f1,auc
dnn,0.645,0.8631578947368421,0.5857142857142857,0.6978723404255319,0.7627380952380953
resnet,0.68,0.8275862068965517,0.6857142857142857,0.75,0.7364285714285714
