componente,sepal length (cm),sepal width (cm),petal length (cm),petal width (cm)
pc1,0.5210659146701196,-0.2693474425059429,0.5804130957962945,0.5648565357793609
pc2,0.3774176155645674,0.9232956595407145,0.024491609085585828,0.06694198696805878
